alt,ve,vi
0.055913814,0.000153099,407.8646678
0.055913815,8.90E-05,407.864615
0.055913814,9.03E-05,407.8645575
0.055913815,7.88E-05,407.8646103
0.055913815,0.000152529,407.8645561
0.055913814,0.000160424,407.8646755
0.055913815,0.000119055,407.8646708
0.055913815,8.92E-05,407.8646012
0.055913815,7.73E-05,407.8646143
0.055913814,0.000162044,407.8646634
0.055913815,0.000124825,407.864612
0.055913815,0.000226942,407.864618
0.055913814,0.000264515,407.8646715
0.055913814,0.000269545,407.8646476
0.055913815,0.000161321,407.8645342
0.055913814,9.79E-05,407.8645178
0.055913814,0.00022951,407.864665
0.055913815,0.00020756,407.864568
0.055913815,0.000149915,407.8645844
0.055913814,0.00028181,407.8645543
0.055913815,6.85E-05,407.8645664
0.055913814,0.000257907,407.8646047
0.055913815,0.000109558,407.8645626
0.055913816,0.000121473,407.8646459
0.055913814,0.000360377,407.8645052
0.055913815,0.000227604,407.8645877
0.055913814,9.12E-05,407.8646027
0.055913815,0.000128016,407.8645468
0.055913814,0.000263331,407.8645299
0.055913814,0.000104059,407.8645765
0.055913815,9.29E-05,407.8646194
0.055913814,6.50E-05,407.8646493
0.055913814,0.000264145,407.8645417
0.055913814,0.00019499,407.8645173
0.055913814,0.000167963,407.8644606
0.055913815,0.000475093,407.8646479
0.055913814,0.000171808,407.8644676
0.055954597,0.588124386,407.8658252
0.05632311,1.972939561,407.8708701
0.057066637,3.355675503,407.8826831
0.058186573,4.753514815,407.9013577
0.059698157,6.160403639,407.9252115
0.061601937,7.574788434,407.9549032
0.063899337,8.989407315,407.9891514
0.066590277,10.40176946,408.0246353
0.069675296,11.81918538,408.0634864
0.0731561,13.24612676,408.1037853
0.077035057,14.67946486,408.1475553
0.081314949,16.12754419,408.1966073
0.086000655,17.59404123,408.2522681
0.09109567,19.07386061,408.3155095
0.096603431,20.55729495,408.3842201
0.102525438,22.04696882,408.4603253
0.108864222,23.54987413,408.5436111
0.115622664,25.059015,408.6377004
0.122805079,26.59551764,408.7387336
0.130417895,28.14645777,408.8453195
0.138467147,29.7266144,408.9588756
0.146960525,31.33285992,409.0802718
0.155904711,32.96114863,409.2082611
0.165306868,34.61593109,409.341878
0.175177758,36.31578492,409.4848358
0.185518205,38.03042962,409.5289066
0.196308341,39.77088209,409.6946013
0.207571811,41.50979452,409.9545564
0.219330297,43.25014966,410.2208723
0.231591741,44.98787279,410.4809578
0.244355903,46.74194457,410.7209056
0.257621407,48.49011905,410.9468969
0.271385679,50.25476866,411.164261
0.285650581,52.04539942,411.3598505
0.300421019,53.8538684,411.5335481
0.315698827,55.67650038,411.7481711
0.331490947,57.52112388,411.972298
0.347802013,59.38162634,412.2199678
0.364638134,61.26719605,412.5198673
0.382002721,63.14820287,412.8369503
0.399896948,65.04549984,413.168873
0.41832148,66.93943963,413.5241812
0.437279064,68.85415977,413.9245961
0.45677366,70.7716694,414.3048657
0.476806228,72.70253838,414.6643581
0.497380832,74.6543379,415.0187051
0.518501619,76.61216818,415.3903452
0.540170271,78.57917593,415.7799705
0.562389614,80.56287988,416.2007231
0.585165923,82.55591932,416.6636892
0.608499911,84.54679476,417.1588248
0.632392694,86.54822883,417.6774688
0.65684287,88.54585283,418.229616
0.681853345,90.54777142,418.8067163
0.707424992,92.5666668,419.3863037
0.73355991,94.59607216,419.9886364
0.76026463,96.64101875,420.6090366
0.78754056,98.68632848,421.2555008
0.815391198,100.7525191,421.930264
0.843817982,102.8214887,422.6323606
0.872822386,104.8933367,423.3676941
0.902406045,106.9784392,424.1379179
0.93257474,109.0828295,424.9679807
0.963339003,111.2109095,425.8246777
0.994696827,113.3513116,426.6794842
1.026648905,115.5041325,427.5583458
1.059198902,117.6667318,428.47139
1.092350311,119.8427022,429.4308769
1.126108466,122.03003,430.4463893
1.160477465,124.2359395,431.4947387
1.195461769,126.4459461,432.5753795
1.231062842,128.670817,433.7033299
1.267285918,130.8970349,434.9047252
1.304134707,133.1409266,436.1314615
1.341605943,135.397261,437.3563117
1.379696682,137.6666966,438.6228193
1.418413124,139.9557717,439.9462652
1.457759187,142.2579327,441.3273061
1.497735225,144.5475614,442.7539042
1.538338442,146.8348205,444.2176368
1.579567829,149.1237774,445.7180325
1.621420241,151.4063299,447.2473355
1.66389355,153.6732822,448.8346187
1.706984867,155.9198392,450.4295719
1.750681099,158.1467285,452.0057196
1.79497333,160.3583525,453.60006
1.839854907,162.544151,455.2287706
1.885319959,164.7125409,456.8902574
1.931363628,166.8758995,458.5855149
1.977982467,169.0294682,460.3106744
2.025172358,171.1763961,462.0695837
2.072932966,173.3348617,463.8704823
2.121263264,175.4853098,465.7148277
2.170160651,177.6258301,467.5627351
2.219616968,179.7574146,469.3856733
2.269625313,181.8911729,471.2147394
2.320186716,184.0377952,473.0806743
2.371302548,186.1954246,474.992897
2.422974236,188.3413013,476.929018
2.475199618,190.5092148,478.8979637
2.527978731,192.6641691,480.8790815
2.581309239,194.8128239,482.8785056
2.635180651,196.9582147,484.8483225
2.689591885,199.1010271,486.8503413
2.744541151,201.2424423,488.8658756
2.800026273,203.3854883,490.8972248
2.856046339,205.5343746,492.9597093
2.912599775,207.6856777,495.0370808
2.969688827,209.8544644,497.1342621
3.027311736,212.01575,499.2304652
3.085465145,214.1825496,501.3364706
3.144147261,216.344654,503.4555947
3.203356048,218.5053298,505.5833139
3.263089024,220.6693263,507.7354196
3.323349115,222.8435022,509.8986698
3.384132651,225.012169,512.0424806
3.445437143,227.1843349,514.1849486
3.507260105,229.3553474,516.3347277
3.569599139,231.5153629,518.4867271
3.632450616,233.670154,520.6462904
3.695812803,235.8277525,522.812274
3.759685963,237.995696,524.9890178
3.824068997,240.1642562,527.1737352
3.888963525,242.3511748,529.3902254
3.954372539,244.5407389,531.6091648
4.020292076,246.7274898,533.8177378
4.08672106,248.9098081,536.002876
4.153656278,251.0992569,538.18805
4.2210974,253.286099,540.3916678
4.289043325,255.4742331,542.6091985
4.357493199,257.6618978,544.8375125
4.426445626,259.8585948,547.0818298
4.495901699,262.0628822,549.3342254
4.565859659,264.2547263,551.5763136
4.636316254,266.4567591,553.8380794
4.707274355,268.6625602,556.0970115
4.778731173,270.8752342,558.3491223
4.85068635,273.084931,560.6052473
4.923137442,275.2939138,562.8745247
4.996084375,277.5078139,565.1546426
5.069525512,279.7161984,567.4339057
5.143454843,281.9023753,569.6977973
5.21786712,284.0768642,571.9538671
5.292754945,286.2248213,574.1997693
5.368109481,288.3475673,576.4343607
5.443924914,290.4557693,578.6708754
5.520195086,292.5485876,580.8934908
5.596916295,294.6369983,583.0939664
5.674078818,296.6474699,585.2491031
5.751641574,298.5080387,587.3503555
5.829575059,300.3030253,589.4591202
5.907866831,302.0540853,591.5069034
5.986507279,303.7854191,593.4719397
6.065492013,305.4993224,595.378336
6.144817046,307.1939646,597.2507464
6.2244809,308.8815861,599.1270712
6.304482179,310.5545708,600.9996056
6.384817708,312.2265791,602.8664339
6.465487214,313.895614,604.7276259
6.546488405,315.5580813,606.5823065
6.627821172,317.2250035,608.438955
6.70948673,318.8924961,610.2838797
6.791483422,320.5560403,612.1211612
6.873809163,322.2035857,613.9436435
6.956462469,323.8593484,615.7682161
7.039442298,325.5022102,617.5911403
7.122746057,327.149573,619.4202779
7.206376461,328.8063029,621.2543379
7.290332805,330.4560111,623.0658998
7.374614978,332.1108232,624.8738985
7.459221146,333.7466013,626.6718877
7.544146623,335.3674592,628.4550053
7.629385312,336.9706389,630.2284376
7.714934191,338.5622294,631.9958051
7.8007867,340.1329927,633.747452
7.886940108,341.7073825,635.5010606
7.973394273,343.2762636,637.2546476
8.060149652,344.8623406,639.0219376
8.147209289,346.4610622,640.7850105
8.234575246,348.0720881,642.5538269
8.322249793,349.6816937,644.3316232
8.410232773,351.2942322,646.1139096
8.49852229,352.9126709,647.898365
8.587119774,354.5320473,649.6826075
8.676025095,356.1575612,651.4746815
8.765240991,357.8051613,653.2828845
8.854771709,359.4726412,655.1122364
8.944622666,361.1642878,656.9601269
9.034799561,362.8762788,658.8205644
9.125303219,364.591079,660.6769901
9.216135998,366.3168487,662.5456132
9.307298651,368.0441395,664.4148881
9.398792807,369.7975485,666.3114516
9.490622381,371.555563,668.2184626
9.582788599,373.3399141,670.1465972
9.675298305,375.1510305,672.09277
9.768155336,376.9720137,674.0463776
9.861362978,378.8248025,676.0373094
9.954927101,380.6986603,678.0496215
10.04885214,382.5946568,680.0730662
10.14314145,384.5071476,682.1073722
10.2378002,386.4404862,684.1607426
10.33283054,388.3858066,686.226071
10.42823649,390.3524529,688.3169036
10.52401936,392.3301731,690.4155516
10.62018327,394.3355258,692.5371896
10.71673234,396.3603119,694.6893206
10.81366944,398.4072142,696.8695212
10.91100058,400.4786706,699.0631807
11.00872872,402.5747009,701.2676162
11.10686033,404.6909708,703.495919
11.20539866,406.8308199,705.7533367
11.30434715,408.988704,708.025273
11.40370881,411.1722835,710.3254344
11.50348767,413.3718212,712.6463473
11.60368647,415.5868038,714.9814713
11.70430676,417.8272745,717.3398789
11.80535422,420.0953644,719.7224622
11.90683432,422.3936902,722.147867
12.00875118,424.7179787,724.6009475
12.11111673,427.1508861,727.1261135
12.21397835,429.7470633,729.7483577
12.31736654,432.4146312,732.4110081
12.4212913,435.1210879,735.1495268
12.52575176,437.8574443,737.968064
12.63074634,440.6244881,740.844013
12.7362744,443.4174052,743.7549171
12.84233952,446.2538177,746.7172472
12.94894638,449.1213024,749.7047415
13.05610056,452.018572,752.7118102
13.16380612,454.9349741,755.7437408
13.27206552,457.8864056,758.8169975
13.38088154,460.8549958,761.9138432
13.49025601,463.8474393,765.0397682
13.60018867,466.8470389,768.1779063
13.71068175,469.8830848,771.3531721
13.82173855,472.9393664,774.5556137
13.93336387,476.0406971,777.8085487
14.04555863,479.1620807,781.0909689
14.15833038,482.3226719,784.4017592
14.27168486,485.5044863,787.7243104
14.38562414,488.7069086,791.0728686
14.5001526,491.947863,794.465956
14.61527367,495.2117065,797.8859628
14.73098935,498.5009113,801.3404747
14.8473015,501.8098893,804.8158717
14.96421409,505.1552429,808.3218101
15.08173286,508.5371433,811.8651031
15.19986223,511.947605,815.4489955
15.31860365,515.3707748,819.0425632
15.43796038,518.8241535,822.6572892
15.55793706,522.2938427,826.2923342
15.67853308,525.7839079,829.9539624
15.79975147,529.2986668,833.6425163
15.92159219,532.8321193,837.3544784
16.04405997,536.4051084,841.1050482
16.16715885,539.9992855,844.8799449
16.29089056,543.6239837,848.6891293
16.41525922,547.2855133,852.5369798
16.54026619,550.9547109,856.4030905
16.66591228,554.6587822,860.298108
16.79220342,558.3819437,864.2045187
16.91914345,562.1318791,868.1367828
17.04673437,565.9142932,872.1094895
17.17497872,569.7169358,876.1098047
17.3038769,573.5517544,880.1448091
17.43343327,577.4102286,884.2021015
17.56364962,581.2871284,888.2786454
17.6945272,585.1888068,892.3811513
17.8260669,589.1137983,896.5190799
17.95826787,593.0572068,900.6770393
18.09113314,597.0258112,904.8492585
18.22466856,601.0157639,909.0434405
18.35887647,605.0402222,913.2769711
18.49375532,609.0684007,917.519649
18.62930637,613.1241026,921.7929994
18.76552792,617.1964316,926.0841255
18.90242129,621.2804291,930.3969354
19.03998509,625.3976911,934.7430136
19.17822377,629.5269505,939.0906359
19.31713958,633.668291,943.4496215
19.45673195,637.8258689,947.8305121
19.59699855,641.9828354,952.2170221
19.73793418,646.1482598,956.6171485
19.8795352,650.325,961.0394575
20.02179883,654.5121142,965.4705973
20.16472919,658.7239561,969.9168938
20.30833018,662.9576154,974.3862812
20.4526002,667.1935752,978.8629399
20.59753631,671.4435307,983.3581758
20.74313529,675.6928321,987.8579823
20.88938984,679.9388845,992.3625516
21.03629848,684.193706,996.8691006
21.18386596,688.479414,1001.398007
21.33209619,692.7867938,1005.95379
21.48098702,697.1009666,1010.521656
21.63053127,701.3939473,1015.072255
21.78072207,705.680358,1019.621419
21.93155445,709.968066,1024.172916
22.08302293,714.246428,1028.723326
22.23512334,718.5476491,1033.293174
22.38785913,722.8555044,1037.867007
22.54122985,727.1746172,1042.451814
22.69523394,731.5003231,1047.044043
22.84986838,735.8342549,1051.649902
23.00513107,740.188686,1056.277739
23.16102048,744.5453377,1060.914287
23.31753238,748.9086052,1065.555008
23.47466605,753.2688733,1070.187324
23.63241976,757.6234546,1074.814178
23.79079038,761.970946,1079.437185
23.94977032,766.3203464,1084.06453
24.10935781,770.6722921,1088.69698
24.26954402,775.005345,1093.318855
24.43032254,779.3349455,1097.935282
24.59169161,783.6503644,1102.531936
24.7536484,787.9681323,1107.13073
24.91619114,792.3010654,1111.747104
25.07931754,796.645109,1116.378414
25.24302536,801.0104369,1121.032346
25.40731393,805.3744872,1125.686741
25.57217943,809.758349,1130.364909
25.7376224,814.1614934,1135.055605
25.90364658,818.5752446,1139.755362
26.07025128,823.0077979,1144.473733
26.23743772,827.4554276,1149.206999
26.40520569,831.9204341,1153.959248
26.57355266,836.393452,1158.721253
26.74247508,840.8770739,1163.497856
26.91197156,845.366336,1168.27614
27.08204318,849.8604072,1173.053567
27.25269093,854.3641398,1177.841393
27.42391257,858.882245,1182.643518
27.59570823,863.4208635,1187.46844
27.76807572,867.960441,1192.29498
27.94101101,872.5061448,1197.13207
28.11450759,877.0337846,1201.950017
28.28856211,881.5549127,1206.756506
28.46317262,886.0584045,1211.544409
28.63833542,890.5659418,1216.337278
28.81404664,895.0731495,1221.129952
28.99030273,899.5858548,1225.931081
29.16710073,904.1293513,1230.767494
29.34444056,908.6955638,1235.623886
29.52232505,913.2646718,1240.478404
29.70075598,917.8441581,1245.341032
29.87973134,922.4240135,1250.205224
30.05924642,927.0003729,1255.066036
30.23929782,931.5799204,1259.932063
30.41988089,936.1572855,1264.795869
30.60099309,940.7490545,1269.677504
30.78263094,945.3600547,1274.578232
30.96479538,949.9556633,1279.457197
31.14748761,954.5680223,1284.350752
31.33070489,959.1740507,1289.240292
31.51444294,963.7881031,1294.137964
31.69869754,968.381297,1299.016996
31.8834579,972.9556021,1303.881346
32.06871838,977.5347693,1308.747099
32.25448078,982.1161934,1313.610696
32.4407467,986.7094478,1318.485199
32.62751407,991.3035362,1323.361319
32.81477865,995.9103143,1328.252151
33.00253693,1000.513712,1333.138914
33.19078552,1005.123142,1338.033925
33.3795196,1009.713335,1342.907874
33.56873738,1014.300771,1347.774319
33.758437,1018.863879,1352.615905
33.94861137,1023.409621,1357.441803
34.13925176,1027.931321,1362.24411
34.33034981,1032.421041,1367.01557
34.52189819,1036.901539,1371.778047
34.71388821,1041.35862,1376.521251
34.90631156,1045.806162,1381.253621
35.09916592,1050.237491,1385.967164
35.29244854,1054.666468,1390.677104
35.48615891,1059.113156,1395.404432
35.68029489,1063.566267,1400.139327
35.8748535,1068.030608,1404.884894
36.06983356,1072.507346,1409.644901
36.26523204,1077.005172,1414.425408
36.46105182,1081.517331,1419.216299
36.65729648,1086.050611,1424.025707
36.85396732,1090.593,1428.843655
37.05106244,1095.138738,1433.664312
37.2485806,1099.702121,1438.502425
37.44651618,1104.229796,1443.307278
37.64485851,1108.720344,1448.072379
37.84360122,1113.145516,1452.768859
38.04273333,1117.498795,1457.39145
38.2422419,1121.778254,1461.940004
38.44211037,1125.980578,1466.413281
38.64232035,1130.09379,1470.798527
38.84284984,1134.108972,1475.091759
39.04367337,1138.012949,1479.273726
39.24477406,1141.803525,1483.338894
39.44613326,1145.453073,1487.261285
39.64772511,1148.953005,1491.035825
39.84951914,1152.287477,1494.648098
40.05148302,1155.450709,1498.090004
40.25358093,1158.434067,1501.361469
40.45577223,1161.240061,1504.453672
40.65803453,1163.847425,1507.343232
40.86033672,1166.258292,1510.037398
41.06264253,1168.469312,1512.534524
41.26491774,1170.518123,1514.872014
41.46713285,1172.445885,1517.094792
41.66925271,1174.28235,1519.241675
41.87124439,1176.035899,1521.30632
42.0731005,1177.715987,1523.29436
42.27481082,1179.337678,1525.223925
42.47636317,1180.903293,1527.099799
42.67774007,1182.420911,1528.933489
42.8789233,1183.893235,1530.724378
43.07990349,1185.31693,1532.464502
43.28067547,1186.682495,1534.142552
43.48123394,1187.9771,1535.745442
43.68157214,1189.199824,1537.272835
43.881682,1190.353269,1538.72807
44.08155528,1191.437623,1540.111818
44.28118265,1192.458803,1541.430426
44.48055595,1193.422192,1542.68933
44.67966755,1194.332567,1543.893374
44.87851053,1195.193572,1545.046258
45.07707853,1196.009557,1546.152395
45.275366,1196.786613,1547.217879
45.47336802,1197.526961,1548.245023
45.67108029,1198.236495,1549.239799
45.86849866,1198.918191,1550.205226
46.06562,1199.576421,1551.145785
46.26248378,1201.432877,1553.267475
46.44520399,1202.317932,1554.405274
46.64172809,1203.282553,1555.650544
46.83798827,1204.251673,1556.896229
47.03399562,1205.224133,1558.139016
47.22976117,1206.200065,1559.380128
47.42529213,1207.178097,1560.620138
47.6205913,1208.160092,1561.862343
47.81565951,1209.146485,1563.107716
48.01049691,1210.138211,1564.357757
48.20510283,1211.134749,1565.611825
48.39947749,1212.136107,1566.869734
48.59362128,1213.143253,1568.132264
48.78753513,1214.155007,1569.398174
48.98122,1215.171078,1570.667168
49.17467655,1216.192522,1571.940322
49.3679057,1217.219158,1573.217524
49.56090817,1218.250315,1574.498125
49.75368469,1219.285149,1575.781314
49.94623574,1220.324817,1577.068245
50.1385619,1221.368872,1578.358552
50.33066374,1222.417469,1579.652317
50.52254178,1223.469633,1580.948677
50.71419685,1224.528116,1582.250128
50.90562937,1225.590423,1583.554449
51.09684004,1226.656651,1584.861681
51.28782923,1227.727015,1586.171999
51.47859754,1228.8019,1587.485812
51.66914566,1229.881331,1588.803142
51.85947404,1230.964602,1590.123362
52.04958314,1232.053123,1591.447802
52.23947369,1233.145298,1592.774945
52.42914594,1234.242336,1594.105877
52.61860076,1235.344689,1595.441146
52.80783885,1236.45093,1596.779293
52.99686033,1237.560397,1598.119816
53.18566557,1238.672409,1599.46191
53.37425492,1239.788787,1600.807357
53.56262907,1240.910441,1602.157144
53.75078865,1242.03585,1603.509713
53.93873391,1243.165536,1604.865499
54.12648716,1244.270334,1606.171459
54.31410221,1245.384466,1607.488606
54.50153564,1246.53099,1608.857282
54.68875348,1247.694341,1610.252699
54.87574018,1248.868242,1611.663327
55.06248833,1250.049202,1613.083774
55.2489929,1251.23705,1614.513237
55.43524976,1252.432356,1615.952035
55.62125608,1253.635042,1617.399485
55.80700865,1254.844333,1618.855764
55.99250146,1256.061766,1620.322683
56.17772396,1257.288596,1621.805957
56.36265114,1258.523939,1623.305748
56.54726975,1259.766163,1624.812642
56.73158531,1261.01577,1626.323975
56.91560605,1262.270132,1627.836132
57.09934087,1263.530629,1629.351646
57.28279288,1264.795226,1630.86996
57.46596419,1266.065101,1632.391268
57.64885818,1267.33952,1633.916528
57.83147206,1268.619705,1635.447217
58.01380464,1269.904323,1636.982207
58.19585498,1271.194074,1638.520516
58.37762605,1272.488415,1640.062862
58.55911507,1273.787535,1641.609349
58.74032199,1275.09322,1643.161804
58.92124617,1276.40377,1644.717896
59.10188885,1277.720154,1646.279002
59.28224974,1279.041374,1647.843564
59.46233034,1280.368182,1649.412969
59.64212977,1281.701529,1650.98767
59.8216494,1283.040127,1652.566915
60.00088806,1284.384305,1654.150553
60.17984689,1285.732073,1655.73706
60.35852372,1287.084716,1657.328125
60.53691852,1288.441159,1658.921148
60.71503429,1289.803722,1660.519198
60.89287076,1291.170769,1662.120406
61.07042883,1292.541831,1663.725052
61.24770787,1293.918161,1665.333365
61.42470965,1295.299407,1666.946082
61.60143191,1296.686448,1668.563867
61.77787489,1298.07906,1670.186651
61.95403722,1299.47693,1671.813583
62.12992052,1300.880305,1673.445044
62.30552433,1302.289023,1675.08062
62.48085042,1303.704261,1676.721909
62.65589773,1305.123278,1678.365815
62.83066747,1306.54626,1680.012997
63.00515831,1307.974667,1681.664444
63.1793715,1309.407199,1683.319341
63.35330481,1310.8454,1684.979558
63.52695844,1312.287936,1686.642326
63.70033521,1313.734709,1688.308368
63.87343496,1315.186269,1689.977715
64.04625937,1316.643915,1691.652633
64.21880677,1318.106144,1693.331168
64.39107747,1319.573409,1695.014242
64.56306956,1321.045256,1696.70104
64.73478421,1322.522042,1698.391954
64.90622033,1324.003336,1700.086353
65.07737921,1325.489465,1701.784728
65.24826026,1326.979813,1703.486127
65.41886489,1328.474824,1705.19149
65.58919225,1329.975454,1706.901287
65.75924342,1331.481125,1708.615488
65.92901644,1332.99373,1710.336273
66.09851135,1334.510592,1712.05963
66.2677311,1336.032761,1713.787379
66.43667528,1337.559124,1715.518116
66.60534476,1339.089879,1717.252697
66.77373859,1340.624783,1718.990047
66.94185892,1342.164808,1720.732046
67.10970279,1343.709805,1722.47833
67.27727083,1345.260801,1724.230049
67.44456167,1346.817987,1725.986993
67.61157664,1348.378673,1727.746568
67.77831529,1349.945087,1729.510713
67.94477912,1351.514859,1731.277544
68.1109671,1353.089598,1733.048204
68.2768804,1354.666875,1734.820848
68.44251752,1356.247578,1736.595911
68.60787945,1357.83474,1738.376746
68.77296416,1359.427372,1740.162743
68.93777178,1361.024514,1741.951694
69.10230499,1362.626968,1743.745068
69.26656412,1364.233816,1745.541309
69.43055139,1365.846333,1747.34274
69.59426451,1367.464466,1749.149008
69.75770401,1369.086533,1750.958804
69.92086745,1370.715176,1752.774384
70.08375619,1372.348892,1754.594284
70.24636933,1373.986406,1756.41696
70.4087083,1375.627797,1758.242747
70.57077246,1377.273781,1760.072007
70.73256327,1378.923388,1761.904283
70.89407959,1380.578067,1763.740594
71.0553227,1382.238144,1765.581729
71.21628992,1383.903409,1767.427787
71.37698131,1385.573543,1769.277252
71.53739948,1387.246879,1771.129101
71.69754427,1388.924815,1772.984368
71.85741651,1390.605637,1774.842047
72.01701544,1392.291177,1776.703159
72.17634312,1393.982931,1778.570028
72.33539695,1395.679619,1780.44126
72.49417686,1397.381429,1782.317101
72.65268169,1399.088072,1784.19682
72.81091305,1400.799392,1786.080451
72.96887059,1402.516345,1787.968556
73.12655623,1404.239194,1789.86191
73.28396885,1405.965179,1791.757541
73.44110912,1407.696254,1793.657715
73.59797573,1409.430965,1795.560608
73.75457002,1411.171201,1797.468393
73.91088967,1412.91646,1799.380891
74.06693475,1414.665607,1801.295897
74.22270798,1416.418174,1803.213536
74.3782095,1418.174771,1805.133881
74.53344125,1419.935813,1807.058263
74.68840091,1421.702724,1808.987729
74.84308922,1423.473957,1810.921138
74.99750402,1425.251789,1812.860472
75.15164595,1427.033248,1814.80277
75.3055144,1428.819881,1816.749253
75.45911114,1430.612027,1818.700583
75.61243536,1432.407791,1820.654549
75.76548849,1434.208685,1822.613087
75.91826948,1436.014333,1824.575402
76.07077958,1437.822526,1826.539758
76.22301642,1439.636382,1828.509498
76.37497947,1441.452505,1830.480247
76.52667145,1443.274808,1832.456406
76.67809267,1445.101456,1834.43574
76.8292446,1446.933548,1836.420069
76.98012594,1448.769029,1838.406757
77.13073838,1450.609965,1840.398541
77.28107908,1452.455594,1842.394492
77.4311482,1454.303611,1844.392402
77.58094416,1456.157336,1846.395123
77.73046867,1458.014831,1848.400894
77.87972154,1459.877407,1850.4108
78.02870409,1461.744862,1852.425036
78.17741556,1463.617349,1854.44339
78.32585703,1465.494869,1856.466274
78.4740274,1467.377187,1858.493161
78.62192754,1469.264434,1860.524464
78.76955533,1471.156719,1862.560516
78.91691048,1473.052807,1864.59911
79.06399625,1474.953211,1866.641265
79.21081278,1476.856616,1868.685279
79.35736194,1478.765016,1870.733898
79.50364127,1480.677059,1872.785539
79.6496511,1482.592944,1874.840652
79.79538956,1484.514302,1876.90056
79.94085774,1486.441189,1878.96541
80.08605458,1488.372218,1881.033585
80.23098169,1490.308637,1883.106529
80.37563859,1492.249349,1885.182852
80.52002663,1494.194017,1887.26267
80.66414448,1496.142797,1889.345806
80.80799333,1498.096356,1891.433227
80.95157073,1500.054401,1893.524868
81.09487692,1502.01646,1895.61938
81.23791418,1503.983885,1897.71857
81.38068272,1505.954637,1899.820147
81.5231837,1507.930815,1901.926693
81.66541663,1509.911114,1904.036287
81.80738368,1511.896284,1906.150428
81.94908186,1513.887143,1908.269833
82.09051084,1515.882915,1910.393807
82.2316693,1517.881759,1912.520089
82.37255852,1519.884149,1914.649281
82.51317828,1521.889731,1916.780821
82.65353,1523.90054,1918.917065
82.79361294,1525.914999,1921.056189
82.93342802,1527.93452,1923.19993
83.07297404,1529.957603,1925.346512
83.21225199,1531.986174,1927.498108
83.35125987,1534.020824,1929.655519
83.48999764,1536.059303,1931.815673
83.62846803,1538.102194,1933.97957
83.76667146,1540.149017,1936.146389
83.90460972,1542.200169,1938.317222
84.04228051,1544.256874,1940.492942
84.17968467,1546.316676,1942.671459
84.31681984,1548.381478,1944.854426
84.45368681,1550.450292,1947.040928
84.59028469,1552.522838,1949.230384
84.72661499,1554.599503,1951.423434
84.86267704,1556.681415,1953.620945
84.99847248,1558.767535,1955.822222
85.13399999,1560.857537,1958.026652
85.26926093,1562.951889,1960.234992
85.40425297,1565.052006,1962.448838
85.53897595,1567.154699,1964.664291
85.67343259,1569.260876,1966.882626
85.80762257,1571.37109,1969.104168
85.94154723,1573.486649,1971.330652
86.07520607,1575.605805,1973.55984
86.20860112,1577.730871,1975.794641
86.34172909,1579.861196,1978.034339
86.47458986,1581.997348,1980.279536
86.60718215,1584.137549,1982.528083
86.73950775,1586.281959,1984.780248
86.87156668,1588.430376,1987.035638
87.00336038,1590.58351,1989.295292
87.13488783,1592.738929,1991.556617
87.26614981,1594.899328,1993.822525
87.39714382,1597.063527,1996.092037
87.52786967,1599.231006,1998.363885
87.65833035,1601.403702,2000.640345
87.78852566,1603.580277,2002.919931
87.91845703,1605.762346,2005.204643
88.04812335,1607.946494,2007.490617
88.17752667,1610.136212,2009.781862
88.30666418,1612.330219,2012.077009
88.43553575,1614.529399,2014.377014
88.56414008,1616.73258,2016.680362
88.69247889,1618.939492,2018.98694
88.82055177,1621.150253,2021.296644
88.94836048,1623.366301,2023.611208
89.07590381,1625.586917,2025.929731
89.20318292,1627.813073,2028.253412
89.33019678,1630.043254,2030.580452
89.45694676,1632.278005,2032.911692
89.58343033,1634.517806,2035.247783
89.70964721,1636.760376,2037.585793
89.83560007,1639.006744,2039.927078
89.9612894,1641.255199,2042.269586
90.08671709,1643.508776,2044.61691
90.21188085,1645.765558,2046.966961
90.33678128,1648.026828,2049.321235
90.46141586,1650.293614,2051.680582
90.58578578,1652.566073,2054.045155
90.70989018,1654.842459,2056.413023
90.83373089,1657.12298,2058.784574
90.95730718,1659.40656,2061.158575
91.08062042,1661.695013,2063.537077
91.20366932,1663.988118,2065.919664
91.32645478,1666.28384,2068.304538
91.44897457,1668.585357,2070.694955
91.57122898,1670.890639,2073.088286
91.69322107,1673.200099,2075.485284
91.81495065,1675.51419,2077.886242
91.9364189,1677.832492,2080.291114
92.0576251,1680.154623,2082.69908
92.17857118,1682.481511,2085.111553
92.299254,1684.813135,2087.528463
92.41967341,1687.14948,2089.949812
92.53982806,1689.489515,2092.374292
92.65971982,1691.83338,2094.802137
92.77934831,1694.181059,2097.233202
92.89871484,1696.533123,2099.6683
93.01781864,1698.890508,2102.108144
93.13666069,1701.252036,2104.551797
93.2552387,1703.617726,2106.999439
93.37355239,1705.985849,2109.448755
93.49160477,1708.358678,2111.902292
93.60939571,1710.735131,2114.358843
93.7269263,1713.115803,2116.819319
93.84419603,1715.500442,2119.282995
93.9612078,1717.890254,2121.751627
94.07795762,1720.284864,2124.224881
94.19444423,1722.683875,2126.702332
94.31066656,1725.08761,2129.183951
94.42662636,1727.493944,2131.667727
94.5423234,1729.902606,2134.153255
94.65775937,1732.315786,2136.642921
94.77293389,1734.732655,2139.135686
94.88784822,1737.153301,2141.631959
95.00250108,1739.580239,2144.134018
95.1168935,1742.012874,2146.641457
95.2310232,1744.451333,2149.154539
95.3448902,1746.892757,2151.669867
95.45849746,1749.337423,2154.188012
95.57184508,1751.786041,2156.709452
95.68493483,1754.237592,2159.233599
95.79776449,1756.693202,2161.761386
95.91033484,1759.154436,2164.294558
96.02264368,1761.619941,2166.831629
96.13469182,1764.090055,2169.372963
96.24647844,1766.564246,2171.917883
96.35800507,1769.042379,2174.466386
96.46927123,1771.523547,2177.017414
96.58027828,1774.009011,2179.57242
96.69102527,1776.498687,2182.131157
96.80151345,1778.992812,2184.694074
96.91174007,1781.49275,2187.262633
97.02170502,1783.995034,2189.832915
97.1314109,1786.50252,2192.407977
97.2408582,1789.012677,2194.985131
97.35004819,1791.52739,2197.566588
97.4589801,1794.044721,2200.150101
97.56765579,1796.567501,2202.738852
97.67607221,1799.094211,2205.331299
97.78422876,1801.626958,2207.929557
97.89212465,1804.163346,2210.530946
97.999762,1806.704987,2213.137218
98.10714019,1809.247965,2215.744368
98.21426062,1811.795121,2218.355395
98.32112237,1814.347013,2220.970718
98.42772669,1816.903947,2223.590804
98.53407201,1819.463505,2226.213135
98.64015949,1822.026892,2228.839017
98.74598641,1824.594579,2231.469059
98.85155316,1827.167846,2234.104009
98.95686321,1829.745466,2236.742925
99.06191664,1832.326192,2239.384388
99.16671522,1834.911238,2242.029974
99.27125667,1837.499176,2244.678097
99.37554168,1840.091239,2247.330151
99.47956797,1842.689236,2249.987817
99.58333626,1845.290693,2252.64866
99.68684582,1847.897556,2255.314477
99.79009834,1850.507616,2257.983167
99.89309324,1853.121718,2260.655475
99.99583184,1855.740135,2263.331817
100.0983134,1858.361777,2266.010966
100.2005391,1860.987414,2268.693873
100.3025064,1863.618398,2271.381989
100.404215,1866.252736,2274.07292
100.5056675,1868.892337,2276.76875
100.6068645,1871.535789,2279.467931
100.7078074,1874.184521,2282.172159
100.8084955,1876.834785,2284.877425
100.9089309,1879.490382,2287.587848
101.0091103,1882.150432,2290.302542
101.1090329,1884.814734,2293.021329
101.2086973,1887.483484,2295.744145
101.3081056,1890.155513,2298.46991
101.4072579,1892.831467,2301.199152
101.5061559,1895.512691,2303.933394
101.6047986,1898.196332,2306.669719
101.7031866,1900.884989,2309.410843
101.8013175,1903.579032,2312.157205
101.8991913,1906.274627,2314.904598
101.9968111,1908.974717,2317.656161
102.0941766,1911.678596,2320.411092
102.1912891,1914.387434,2323.170767
102.2881479,1917.099459,2325.933177
102.384755,1919.816493,2328.700418
102.4811073,1922.53753,2331.471484
102.5772043,1925.264285,2334.248095
102.6730448,1927.993973,2337.027242
102.768631,1930.727321,2339.809748
102.8639626,1933.464376,2342.595571
102.9590412,1936.206488,2345.386204
103.0538657,1938.952073,2348.17997
103.1484371,1941.701589,2350.977454
103.2427545,1944.454709,2353.77819
103.3368191,1947.212506,2356.583388
103.4306287,1949.977232,2359.395384
103.524183,1952.743799,2362.208762
103.6174845,1955.513678,2365.025163
103.7105337,1958.285705,2367.843279
103.8033322,1961.062694,2370.666172
103.8958784,1963.844966,2373.494019
103.9881734,1966.632409,2376.326875
104.0802146,1969.424117,2379.163769
104.1720027,1972.220965,2382.005573
104.263537,1975.021117,2384.850331
104.3548192,1977.825918,2387.699474
104.4458488,1980.632839,2390.550418
104.536627,1983.444658,2393.406047
104.6271526,1986.259719,2396.2646
104.717427,1989.079651,2399.127817
104.8074478,1991.905332,2401.996662
104.8972148,1994.732705,2404.866779
104.986731,1997.566227,2407.742746
105.0759966,2000.401477,2410.620074
105.1650126,2003.241411,2413.50191
105.2537787,2006.084853,2416.386839
105.342297,2008.932037,2419.275377
105.4305641,2011.784236,2422.168785
105.5185792,2014.641199,2425.066819
105.6063412,2017.501642,2427.968004
105.6938522,2020.366759,2430.873591
105.7811121,2023.234311,2433.781296
105.8681223,2026.107441,2436.694369
105.9548817,2028.983745,2439.610333
106.0413916,2031.865674,2442.531724
106.1276495,2034.75244,2445.457849
106.2136553,2037.641422,2448.385795
106.299412,2040.535698,2451.318759
106.3849194,2043.431451,2454.252897
106.4701788,2046.333317,2457.192947
106.55519,2049.237935,2460.13536
106.6399553,2052.14641,2463.081505
106.7244711,2055.059138,2466.031776
106.8087367,2057.977199,2468.987256
106.8927508,2060.899482,2471.946669
106.9765154,2063.825239,2474.909296
107.0600305,2066.754208,2477.87483
107.1432975,2069.688973,2480.845958
107.2263162,2072.629899,2483.822948
107.3090875,2075.574878,2486.803831
107.3916091,2078.525425,2489.790186
107.4738804,2081.477289,2492.777509
107.5559042,2084.433148,2495.768589
107.6376805,2087.390873,2498.761219
107.7192109,2090.352647,2501.757732
107.8004948,2093.316674,2504.756158
107.8815344,2096.285617,2507.759387
107.9623262,2099.261007,2510.768943
108.0428691,2102.241142,2513.78314
108.1231619,2105.224967,2516.800742
108.203207,2108.213948,2519.823238
108.2830046,2111.205923,2522.848451
108.3625562,2114.203219,2525.878797
108.4418609,2117.202686,2528.911074
108.5209198,2120.207294,2531.948336
108.5997304,2123.217409,2534.990993
108.678293,2126.229185,2538.034961
108.7566105,2129.24619,2541.083934
108.8346828,2132.267006,2544.136461
108.9125108,2135.293179,2547.194201
108.9900938,2138.323089,2550.255357
109.0674345,2141.358399,2553.321782
109.1445297,2144.396953,2556.391339
109.2213786,2147.440382,2559.465664
109.2979796,2150.486682,2562.542625
109.3743348,2153.538932,2565.625297
109.4504445,2156.591537,2568.708072
109.52631,2159.650276,2571.796808
109.6019306,2162.712906,2574.889206
109.6773073,2165.779648,2577.985572
109.7524376,2168.851311,2581.086772
109.8273214,2171.926211,2584.19089
109.9019616,2175.005591,2587.29928
109.9763585,2178.086406,2590.408844
110.0505132,2181.173056,2593.52411
110.1244251,2184.26284,2596.642222
110.1980964,2187.357195,2599.764802
110.2715238,2190.458098,2602.893813
110.3447066,2193.563241,2606.026973
110.4176436,2196.670745,2609.162245
110.4903371,2199.783944,2612.303011
110.5627868,2202.898517,2615.444929
110.634994,2206.018436,2618.592036
110.7069581,2209.140881,2621.741449
110.7786802,2212.268838,2624.896229
110.850158,2215.403005,2628.057136
110.9213916,2218.540573,2631.221151
110.9923838,2221.682876,2634.389706
111.0631348,2224.828121,2637.560965
111.1336457,2227.978044,2640.736781
111.2039159,2231.129983,2643.914355
111.2739477,2234.287899,2647.097802
111.3437376,2237.45014,2650.285474
111.4132851,2240.618982,2653.479647
111.482589,2243.7894,2656.675187
111.5516513,2246.965884,2659.8766
111.6204721,2250.145056,2663.080485
111.6890527,2253.327239,2666.287246
111.7573921,2256.513817,2669.498206
111.8254916,2259.705515,2672.714151
111.8933489,2262.902775,2675.935576
111.9609641,2266.102305,2679.15899
112.0283405,2269.305169,2682.385573
112.0954773,2272.511966,2685.615893
112.1623756,2275.724498,2688.851828
112.2290351,2278.938904,2692.089367
112.2954587,2282.158564,2695.33206
112.361643,2285.382746,2698.579197
112.4275868,2288.614395,2701.833723
112.4932889,2291.849571,2705.091583
112.5587513,2295.088391,2708.352905
112.6239743,2298.328309,2711.615124
112.6889597,2301.574541,2714.883519
112.7537064,2304.824302,2718.155264
112.8182154,2308.077751,2721.430586
112.8824845,2311.338251,2724.712876
112.9465135,2314.600811,2727.99699
113.0103052,2317.868274,2731.285843
113.0738597,2321.137213,2734.575973
113.1371783,2324.411131,2737.870966
113.20026,2327.687157,2741.167878
113.2631066,2330.970016,2744.471513
113.3257165,2334.257448,2747.779561
113.3880907,2337.552011,2751.094641
113.450227,2340.851751,2754.414781
113.5121255,2344.156734,2757.740064
113.5737857,2347.465424,2761.068852
113.6352098,2350.776639,2764.40003
113.6963974,2354.091189,2767.734365
113.7573496,2357.408511,2771.071362
113.8180659,2360.731144,2774.413499
113.878547,2364.057771,2777.759521
113.938791,2367.390335,2781.111407
113.9987979,2370.725789,2784.465951
114.0585709,2374.06663,2787.825731
114.1181099,2377.409285,2791.187155
114.1774158,2380.757037,2794.553576
114.2364881,2384.105513,2797.920525
114.2953288,2387.459134,2801.292543
114.3539347,2390.819346,2804.671077
114.4123047,2394.183816,2808.053801
114.4704378,2397.553292,2811.441351
114.5283365,2400.926609,2814.832598
114.5860008,2404.305312,2818.229063
114.6434321,2407.689115,2821.630514
114.70063,2411.075271,2825.034167
114.7575956,2414.467735,2828.444024
114.8143277,2417.862852,2831.856395
114.8708277,2421.2645,2835.275182
114.9270935,2424.67114,2838.698903
114.9831247,2428.079681,2842.124331
115.0389241,2431.491746,2845.553155
115.0944922,2434.90691,2848.984876
115.1498312,2438.326245,2852.420688
115.2049391,2441.748485,2855.859278
115.2598167,2445.177236,2859.304301
115.3144614,2448.611131,2862.754367
115.3688737,2452.051081,2866.210395
115.4230526,2455.494284,2869.669539
115.4769998,2458.940997,2873.132068
115.5307154,2462.390701,2876.597434
115.5842011,2465.845608,2880.067897
115.6374562,2469.303795,2883.541506
115.690482,2472.76705,2887.020095
115.7432759,2476.236624,2890.504946
115.7958377,2479.710347,2893.993765
115.8481704,2483.188352,2897.486742
115.9002742,2486.668718,2900.981925
115.9521504,2490.155841,2904.483769
116.0037989,2493.645057,2907.987536
116.0552221,2497.139483,2911.496442
116.1064163,2500.638575,2915.009964
116.1573802,2504.143889,2918.529647
116.2081127,2507.651207,2922.051194
116.2586163,2511.163659,2925.57775
116.3088911,2514.678682,2929.106741
116.3589386,2518.199692,2932.641624
116.4087581,2521.723672,2936.179361
116.4583506,2525.252215,2939.721577
116.507714,2528.788167,2943.271143
116.5568482,2532.327052,2946.823475
116.6057561,2535.870719,2950.380475
116.654438,2539.416686,2953.939634
116.7028952,2542.96754,2957.503602
116.7511271,2546.522199,2961.071219
116.799136,2550.08121,2964.643128
116.8469184,2553.647183,2968.221938
116.8944733,2557.218133,2971.805671
116.9417998,2560.794021,2975.394202
116.9889005,2564.372231,2978.984951
117.0357754,2567.954119,2982.579247
117.0824262,2571.542063,2986.179516
117.1288521,2575.134317,2989.783976
117.1750545,2578.730785,2993.392581
117.221032,2582.332742,2997.006567
117.2667855,2585.938589,3000.624367
117.312313,2589.552208,3004.249881
117.3576146,2593.165975,3007.875398
117.4026931,2596.785403,3011.506467
117.4475493,2600.406956,3015.139518
117.4921851,2604.03305,3018.777049
117.5365985,2607.664652,3022.419988
117.5807902,2611.300676,3026.067291
117.6247578,2614.941641,3029.719456
117.668502,2618.587961,3033.376896
117.7120219,2622.239073,3037.039028
117.755319,2625.8933,3040.704183
117.7983935,2629.552481,3044.374177
117.8412469,2633.216279,3048.048709
117.8838787,2636.884866,3051.727927
117.92629,2640.558168,3055.411793
117.9684787,2644.237474,3059.101613
118.0104445,2647.919148,3062.793668
118.0521905,2651.604715,3066.489521
118.0937166,2655.29428,3070.189265
118.1350241,2658.988482,3073.893577
118.1761127,2662.685222,3077.600291
118.2169855,2666.388626,3081.313612
118.2576388,2670.098626,3085.033481
118.2980714,2673.816425,3088.761099
118.3382821,2677.536683,3092.49108
118.3782728,2681.260911,3096.224942
118.4180439,2684.98923,3099.962782
118.4575975,2688.720179,3103.703181
118.4969327,2692.453692,3107.446057
118.5360502,2696.194337,3111.196005
118.5749478,2699.93954,3114.950468
118.6136257,2703.688581,3118.708645
118.6520869,2707.44193,3122.471042
118.6903315,2711.200918,3126.238972
118.7283609,2714.963984,3130.010923
118.7661747,2718.731124,3133.786828
118.8037757,2722.50369,3137.568108
118.8411602,2726.282669,3141.355757
118.8783269,2730.067429,3145.14914
118.9152749,2733.856062,3148.946299
118.9520066,2737.647906,3152.746585
118.9885222,2741.443381,3156.550406
119.0248237,2745.243552,3160.358858
119.06091,2749.0484,3164.171909
119.0967818,2752.857654,3167.989309
119.1324371,2756.67285,3171.81261
119.167876,2760.491088,3175.638838
119.203102,2764.3149,3179.470564
119.2381151,2768.142745,3183.306228
119.2729163,2771.976552,3187.147802
119.3075052,2775.813716,3190.992628
119.3418843,2779.65649,3194.843018
119.3760503,2783.506629,3198.700733
119.4100017,2787.362577,3202.564211
119.4437382,2791.22106,3206.430131
119.4772622,2795.08383,3210.300261
119.5105739,2798.949688,3214.173394
119.5436748,2802.821044,3218.051964
119.576564,2806.69628,3221.934339
119.6092424,2810.576119,3225.821263
119.6417083,2814.463148,3229.715335
119.6739618,2818.354434,3233.613559
119.706006,2822.24808,3237.514081
119.7378403,2826.146794,3241.419598
119.7694658,2830.050206,3245.329764
119.8008823,2833.954242,3249.24046
119.8320929,2837.865548,3253.158379
119.8630937,2841.78433,3257.083742
119.8938833,2845.710842,3261.016792
119.9244613,2849.641953,3264.954356
119.9548301,2853.576273,3268.895059
119.9849901,2857.513721,3272.838807
120.014943,2861.455182,3276.786512
120.0446878,2865.401384,3280.738888
120.0742258,2869.353368,3284.696996
120.103555,2873.312409,3288.662124
120.1326752,2877.273866,3292.629581
120.1615895,2881.241727,3296.603376
120.1902982,2885.2131,3300.58061
120.2188024,2889.188069,3304.561398
120.2471016,2893.167229,3308.546294
120.2751986,2897.151606,3312.536371
120.3030895,2901.143303,3316.533738
120.3307729,2905.142012,3320.538075
120.3582488,2909.144565,3324.546174
120.38552,2913.152512,3328.559606
120.4125868,2917.164898,3332.577405
120.4394508,2921.180072,3336.597945
120.4661107,2925.200221,3340.623397
120.4925678,2929.22337,3344.651804
120.5188195,2933.257153,3348.690807
120.5448659,2937.29244,3352.731237
120.5707098,2941.332575,3356.776459
120.5963522,2945.377726,3360.826612
120.6217962,2949.428314,3364.882163
120.6470383,2953.484801,3368.943582
120.6720773,2957.547935,3373.011613
120.6969124,2961.614222,3377.082735
120.7215461,2965.685432,3381.158728
120.745978,2969.759349,3385.237371
120.7702096,2973.840677,3389.323376
120.7942393,2977.927503,3393.414842
120.8180673,2982.018069,3397.509974
120.8416968,2986.114227,3401.610644
120.8651283,2990.210732,3405.711589
120.8883645,2994.313755,3409.819013
120.9114019,2998.422755,3413.932382
120.9342387,3002.537549,3418.051511
120.956874,3006.65662,3422.174858
120.9793103,3010.779847,3426.30231
121.0015478,3014.907842,3430.434469
121.0235887,3019.042392,3434.573141
121.0454309,3023.185706,3438.720541
121.0670749,3027.331356,3442.870216
121.088523,3031.480906,3447.023749
121.1097761,3035.633646,3451.180401
121.130837,3039.792641,3455.343277
121.1517022,3043.957956,3459.512445
121.1723699,3048.130198,3463.68851
121.1928394,3052.307645,3467.869722
121.2131134,3056.489717,3472.055508
121.233192,3060.67463,3476.244085
121.2530766,3064.866487,3480.439561
121.2727656,3069.06453,3484.641188
121.2922593,3073.266279,3488.846457
121.3115607,3077.472545,3493.056199
121.3306701,3081.681522,3497.268596
121.3495898,3085.898368,3501.488829
121.3683179,3090.118733,3505.712535
121.3868556,3094.345959,3509.943075
121.4052,3098.580545,3514.180946
121.4233505,3102.821033,3518.424688
121.4413071,3107.066984,3522.673842
121.459072,3111.315465,3526.925484
121.4766443,3115.568867,3531.182013
121.4940247,3119.826014,3535.442227
121.5112163,3124.088436,3539.707676
121.5282193,3128.352977,3543.97519
121.5450358,3132.623059,3548.248212
121.561664,3136.900911,3552.528957
121.5781051,3141.184005,3556.814915
121.5943562,3145.474765,3561.108508
121.6104169,3149.771403,3565.407949
121.6262871,3154.07302,3569.712319
121.6419697,3158.380298,3574.022313
121.6574636,3162.692079,3578.33678
121.6727689,3167.00901,3582.656347
121.6878884,3171.329908,3586.979847
121.7028223,3175.654213,3591.306712
121.717572,3179.98519,3595.640219
121.7321374,3184.321524,3599.979035
121.7465214,3188.665513,3604.325477
121.7607203,3193.014573,3608.676969
121.7747323,3197.371822,3613.03662
121.7885571,3201.732484,3617.399642
121.8021973,3206.097405,3621.766884
121.8156532,3210.465357,3626.137114
121.8289264,3214.838157,3630.512157
121.8420149,3219.216142,3634.892359
121.8549189,3223.600012,3639.278398
121.8676416,3227.990584,3643.671106
121.8801837,3232.385292,3648.067905
121.8925478,3236.786151,3652.47083
121.9047307,3241.195252,3656.881975
121.9167309,3245.611038,3661.29978
121.928548,3250.033253,3665.72398
121.9401842,3254.460249,3670.15293
121.9516398,3258.89019,3674.584789
121.9629166,3263.323964,3679.020452
121.9740124,3267.765629,3683.463979
121.9849276,3272.209233,3687.909404
121.995665,3276.657345,3692.359307
122.0062254,3281.107658,3696.811368
122.0166118,3285.566021,3701.271453
122.0268206,3290.031773,3705.738902
122.0368499,3294.505707,3710.214505
122.0466992,3298.987016,3714.697449
122.0563714,3303.4733,3719.185336
122.0658672,3307.965352,3723.678958
122.0751883,3312.463517,3728.178665
122.0843331,3316.969125,3732.685793
122.0933014,3321.47705,3737.195204
122.1020959,3325.990691,3741.710305
122.1107176,3330.504847,3746.225887
122.11917,3335.025293,3750.747739
122.1274492,3339.553852,3755.277683
122.135553,3344.089167,3759.814358
122.1434808,3348.628875,3764.355396
122.1512352,3353.173501,3768.901322
122.1588168,3357.724394,3773.453485
122.166227,3362.283112,3778.013445
122.1734645,3366.847242,3782.578792
122.1805294,3371.4165,3787.14923
122.1874249,3375.991872,3791.725757
122.1941521,3380.569908,3796.304916
122.2007141,3385.155271,3800.891379
122.2071068,3389.746685,3805.483876
122.2133285,3394.346029,3810.084282
122.2193785,3398.95186,3814.691148
122.2252598,3403.562857,3819.303156
122.2309727,3408.179934,3823.92122
122.2365192,3412.80428,3828.546532
122.2418975,3417.435383,3833.178581
122.2471076,3422.067969,3837.812084
122.2521517,3426.705083,3842.450091
122.2570307,3431.346318,3847.092191
122.2617473,3435.993126,3851.739842
122.2662999,3440.645933,3856.393465
122.2706898,3445.305023,3861.053349
122.274914,3449.972451,3865.721546
122.2789715,3454.648755,3870.398597
122.2828627,3459.326852,3875.077416
122.2865902,3464.012385,3879.76365
122.2901538,3468.706343,3884.458288
122.2935537,3473.403504,3889.156105
122.2967927,3478.10568,3893.858918
122.2998713,3482.813304,3898.567158
122.3027912,3487.52866,3903.283115
122.3055523,3492.248243,3908.003278
122.3081574,3496.97321,3912.728807
122.3106021,3501.707589,3917.463727
122.3128841,3506.448825,3922.205485
122.3150035,3511.193775,3926.950933
122.3169633,3515.943721,3931.701357
122.3187644,3520.699655,3936.457746
122.3204084,3525.463605,3941.222131
122.3218939,3530.23401,3945.992948
122.323221,3535.009873,3950.769199
122.3243927,3539.789162,3955.548855
122.325403,3544.558354,3960.317889
122.3262568,3549.230987,3964.989659
122.3269504,3554.005382,3969.764571
122.3274765,3558.772154,3974.532966
122.3278496,3563.551942,3979.313964
122.3280885,3568.317695,3984.08107
122.3281957,3573.095253,3988.859652
122.3281734,3577.872046,3993.63638
122.3280191,3582.686834,3998.451401
122.3277192,3587.496701,4003.260969
122.3272683,3592.3321,4008.09637
122.3266571,3597.17028,4012.934111
122.3258915,3602.015189,4017.779007
122.3249688,3606.866305,4022.629812
122.3238953,3611.718255,4027.48196
122.3226723,3616.573002,4032.336644
122.3213138,3621.419049,4037.183105
122.3198138,3626.265293,4042.02981
122.3181801,3631.118869,4046.883068
122.316424,3635.985624,4051.75013
122.3145435,3640.861733,4056.626548
122.3125504,3645.723655,4061.488874
122.3104362,3650.61348,4066.378582
122.3081988,3655.503684,4071.268913
122.3058261,3660.415499,4076.180468
122.3033184,3665.326318,4081.091226
122.3006632,3670.257599,4086.022128
122.2978656,3675.183953,4090.948347
122.2949056,3680.113727,4095.877969
122.2917917,3685.057928,4100.821525
122.2885418,3690.005927,4105.769378
122.2851615,3694.955365,4110.718735
122.281673,3699.877894,4115.641244
122.2780728,3704.829532,4120.592603
122.2743681,3709.771109,4125.534028
122.2705472,3714.742478,4130.505039
122.2666146,3719.702586,4135.464859
122.2625383,3724.678179,4140.440077
122.2583166,3729.684978,4145.446206
122.2539579,3734.694821,4150.455675
122.2494632,3739.710574,4155.471067
122.2448476,3744.704274,4160.464327
122.2401023,3749.729833,4165.489346
122.2352396,3754.743743,4170.502721
122.2302509,3759.78303,4175.541455
122.2251443,3764.80927,4180.567075
122.2199045,3769.866352,4185.623559
122.2145396,3774.915054,4190.671585
122.2090235,3779.974357,4195.730149
122.2033588,3785.056549,4200.811691
122.1975563,3790.136951,4205.891501
122.1916245,3795.223491,4210.977431
122.1855769,3800.294112,4216.047185
122.1794005,3805.39272,4221.145049
122.1731028,3810.490917,4226.242288
122.1666735,3815.611976,4231.362573
122.1601183,3820.727203,4236.476782
122.1534224,3825.86467,4241.613485
122.1465918,3831.0049,4246.752693
122.139603,3836.156371,4251.903102
122.1324561,3841.318045,4257.064183
122.1251603,3846.484949,4262.23028
122.1177288,3851.659798,4267.4043
122.1101698,3856.830998,4272.574269
122.1024695,3862.019841,4277.762219
122.0946329,3867.213996,4282.955049
122.0866545,3872.418128,4288.158225
122.0785388,3877.624998,4293.363733
122.0702658,3882.848426,4298.585799
122.0618342,3888.076851,4303.813534
122.053251,3893.32208,4309.057645
122.0445174,3898.556382,4314.291261
122.0356406,3903.806811,4319.540491
122.0266167,3909.059052,4324.791857
122.0174456,3914.332054,4330.063466
122.0081157,3919.606259,4335.336739
121.9986268,3924.904168,4340.633223
121.9889744,3930.22107,4345.948919
121.9791607,3935.545034,4351.27156
121.9691841,3940.878729,4356.604031
121.9590484,3946.220553,4361.944789
121.9487594,3951.570661,4367.29392
121.9383196,3956.926116,4372.648445
121.9277325,3962.292768,4378.014171
121.916998,3967.667261,4383.387718
121.9061187,3973.049333,4388.768803
121.8950917,3978.440375,4394.158818
121.8839154,3983.838981,4399.55637
121.8725898,3989.243241,4404.959573
121.8611179,3994.653819,4410.369108
121.8494997,4000.071709,4415.785988
121.8377369,4005.494274,4421.207585
121.8258321,4010.924509,4426.636898
121.813787,4016.356437,4432.06795
121.8016065,4021.795069,4437.505736
121.7892871,4027.24621,4442.956044
121.7768264,4032.705314,4448.414315
121.7642245,4038.169112,4453.877278
121.7514844,4043.642706,4459.350029
121.738607,4049.124827,4464.831292
121.7255939,4054.611092,4470.316685
121.7124475,4060.104766,4475.809475
121.6991687,4065.602273,4481.306094
121.6857601,4071.108985,4486.811917
121.6722222,4076.61854,4492.320591
121.6585578,4082.13802,4497.839194
121.6447635,4087.668173,4503.368468
121.6308371,4093.20565,4508.90507
121.6167794,4098.748432,4514.446991
121.6025941,4104.296866,4519.994567
121.5882814,4109.853465,4525.55031
121.5738432,4115.41723,4531.113218
121.5592821,4120.988792,4536.683918
121.5445987,4126.566248,4542.260513
121.5297956,4132.151511,4547.844903
121.5148733,4137.743988,4553.436505
121.4998352,4143.342954,4559.034584
121.4846775,4148.95145,4564.642177
121.4693979,4154.569991,4570.259809
121.4539973,4160.195459,4575.884374
121.4384794,4165.829535,4581.517548
121.4228445,4171.471265,4587.158375
121.4070944,4177.11746,4592.803673
121.3912323,4182.77048,4598.455799
121.3752582,4188.428608,4604.113037
121.3591743,4194.097805,4609.781343
121.3429814,4199.772061,4615.454711
121.3266826,4205.455002,4621.136755
121.3102742,4211.150321,4626.831162
121.2937538,4216.856099,4632.53602
121.2771227,4222.566619,4638.245622
121.2603847,4228.283194,4643.961273
121.2435399,4234.007329,4649.684477
121.22659,4239.73666,4655.412879
121.2095375,4245.474519,4661.149809
121.1923831,4251.218115,4666.89248
121.1751297,4256.97151,4672.644946
121.1577777,4262.730598,4678.403113
121.1403303,4268.499431,4684.171018
121.1227837,4274.277454,4689.948099
121.1051357,4280.06663,4695.736327
121.0873872,4285.862171,4701.530929
121.0695417,4291.662817,4707.330639
121.0516006,4297.474101,4713.140993
121.0335666,4303.294569,4718.960531
121.0154389,4309.119132,4724.78416
120.9972192,4314.953767,4730.617865
120.97891,4320.792871,4736.456036
120.9605122,4326.63865,4742.300889
120.9420293,4332.4946,4748.155906
120.9234581,4338.361995,4754.022356
120.9047966,4344.236563,4759.895967
120.8860456,4350.118234,4765.776681
120.867208,4356.010634,4771.668125
120.8482857,4361.90949,4777.566034
120.8292816,4367.817876,4783.473474
120.8101951,4373.73365,4789.388299
120.791027,4379.662675,4795.31638
120.7717793,4385.59697,4801.249734
120.7524543,4391.536244,4807.188083
120.7330567,4397.484714,4813.135632
120.7135826,4403.441668,4819.09165
120.694029,4409.406544,4825.055581
120.6743963,4415.37938,4831.027479
120.654688,4421.359231,4837.006395
120.6349056,4427.350078,4842.996315
120.6150517,4433.348821,4848.994131
120.595126,4439.35716,4855.001542
120.5751302,4445.371243,4861.014705
120.555067,4451.394412,4867.036952
120.5349365,4457.422882,4873.064505
120.5147405,4463.460277,4879.10098
120.49448,4469.503962,4885.143753
120.4741586,4475.559859,4891.19873
120.4537724,4481.629375,4897.267309
120.4333189,4487.706854,4903.343847
120.4127993,4493.794392,4909.430457
120.392218,4499.888246,4915.523387
120.3715765,4505.98999,4921.62422
120.3508784,4512.098969,4927.73229
120.3301225,4518.219748,4933.852159
120.3093096,4524.34863,4939.980138
120.2884413,4530.485792,4946.116405
120.26752,4536.630338,4952.260076
120.2465488,4542.787586,4958.416438
120.2255207,4548.955879,4964.583833
120.2044386,4555.129722,4970.756801
120.1833097,4561.310447,4976.936662
120.1621338,4567.501156,4983.126503
120.140912,4573.696488,4989.32098
120.1196476,4579.903209,4995.526845
120.0983396,4586.116569,5001.739348
120.0769884,4592.339843,5007.961762
120.0555922,4598.575109,5014.196164
120.0341523,4604.816977,5020.437178
120.0126744,4611.071205,5026.69056
119.9911585,4617.331182,5032.949695
119.9696068,4623.602825,5039.22049
119.9480155,4629.884013,5045.500825
119.926386,4636.170162,5051.786136
119.9047233,4642.464884,5058.080026
119.8830264,4648.772503,5064.386812
119.8612961,4655.088437,5070.701928
119.8395372,4661.414648,5077.027327
119.8177488,4667.749948,5083.361819
119.7959316,4674.094825,5089.705887
119.7740838,4680.449262,5096.059515
119.7522075,4686.810299,5102.419766
119.7303078,4693.17661,5108.7853
119.7083838,4699.558409,5115.166323
119.6864362,4705.946739,5121.553886
119.664468,4712.347353,5127.953735
119.6424787,4718.760404,5134.366026
119.6204697,4725.184011,5140.788874
119.5984397,4731.620126,5147.224227
119.5763899,4738.063906,5153.667262
119.5543261,4744.513276,5160.115891
119.5322478,4750.971161,5166.573035
119.5101561,4757.444343,5173.045473
119.488049,4763.925167,5179.525551
119.4659286,4770.412269,5186.011925
119.4438001,4776.908158,5192.507092
119.4216619,4783.414358,5199.012566
119.3995145,4789.931477,5205.528975
119.3773626,4796.459022,5212.055817
119.3552052,4802.994229,5218.590321
119.3330427,4809.545384,5225.140779
119.3108741,4816.107687,5231.702382
119.2887009,4822.679098,5238.273115
119.2665289,4829.257953,5244.851299
119.2443578,4835.845358,5251.438039
119.2221885,4842.446041,5258.038058
119.2000192,4849.054766,5264.646119
119.1778522,4855.673529,5271.26424
119.1556932,4862.304486,5277.894565
119.1335406,4868.95018,5284.539625
119.1113948,4875.600846,5291.189677
119.0892607,4882.262903,5297.851131
119.0671371,4888.93549,5304.523116
119.0450244,4895.61756,5311.204585
119.0229211,4902.311368,5317.897789
119.0008288,4909.011253,5324.59709
118.9787535,4915.72253,5331.307792
118.956694,4922.442619,5338.027302
118.9346509,4929.17289,5344.757009
118.9126289,4935.916909,5351.50047
118.8906274,4942.672216,5358.255222
118.868647,4949.437733,5365.02018
118.8466863,4956.21683,5371.798711
118.8247463,4963.003859,5378.585194
118.8028335,4969.803297,5385.384098
118.780947,4976.614928,5392.195198
118.7590879,4983.435262,5399.015006
118.737255,4990.266879,5405.846097
118.7154496,4997.107908,5412.686621
118.6936772,5003.957711,5419.535928
118.6719371,5010.817288,5426.395013
118.6502309,5017.686734,5433.263989
118.6285622,5024.571614,5440.148412
118.60693,5031.46558,5447.041926
118.5853354,5038.371821,5453.947718
118.5637769,5045.292453,5460.867901
118.5422564,5052.220065,5467.795082
118.5207795,5059.156393,5474.730989
118.4993462,5066.107485,5481.681666
118.4779582,5073.068816,5488.642584
118.4566142,5080.044698,5495.618049
118.4353149,5087.02836,5502.601306
118.4140666,5094.025071,5509.597623
118.392868,5101.031242,5516.603397
118.37172,5108.048442,5523.620215
118.3506264,5115.075537,5530.646936
118.3295868,5122.117226,5537.688256
118.308602,5129.17007,5544.740736
118.2876707,5136.234858,5551.805161
118.2667943,5143.309273,5558.879235
118.2459797,5150.398161,5565.967795
118.2252268,5157.496054,5573.065367
118.2045365,5164.609326,5580.178324
118.1839073,5171.733948,5587.302637
118.1633416,5178.866392,5594.434802
118.1428457,5186.009104,5601.577248
118.1224178,5193.167629,5608.735504
118.1020584,5200.337268,5615.904889
118.0817719,5207.51918,5623.086551
118.0615573,5214.714892,5630.282021
118.0414158,5221.926688,5637.493579
118.0213462,5229.150938,5644.717588
118.00135,5236.385252,5651.951677
117.9814336,5243.629029,5659.195233
117.961597,5250.882601,5666.448587
117.9418416,5258.147729,5673.713501
117.9221659,5265.426024,5680.99159
117.902572,5272.71423,5688.279609
117.8830663,5280.017893,5695.583098
117.8636468,5287.339434,5702.904464
117.8443137,5294.671017,5710.235892
117.8250726,5302.011025,5717.575754
117.8059231,5309.36843,5724.933025
117.7868663,5316.731991,5732.296462
117.7679003,5324.114961,5739.679315
117.7490264,5331.505775,5747.070026
117.7302517,5338.911177,5754.475338
117.7115759,5346.327012,5761.891089
117.6929998,5353.759356,5769.323352
117.6745216,5361.201427,5776.765346
117.6561444,5368.656223,5784.220086
117.637875,5376.121474,5791.685291
117.6197116,5383.600375,5799.164143
117.6016546,5391.090991,5806.654724
117.5837093,5398.596135,5814.159837
117.5658747,5406.11814,5821.681814
117.5481512,5413.653691,5829.217341
117.5305375,5421.206011,5836.76964
117.5130352,5428.76604,5844.329668
117.4956519,5436.338916,5851.902556
117.4783874,5443.919982,5859.483644
117.4612426,5451.519699,5867.083387
117.4442152,5459.133102,5874.696825
117.4273086,5466.756914,5882.3207
117.4105303,5474.393951,5889.957817
117.3938783,5482.04921,5897.613155
117.3773524,5489.711125,5905.275163
117.3609587,5497.393924,5912.958068
117.3446965,5505.087272,5920.651528
117.3285663,5512.796745,5928.361118
117.3125664,5520.522951,5936.087443
117.2966982,5528.255284,5943.819911
117.2809691,5536.00424,5951.569014
117.2653793,5543.765415,5959.330341
117.2499301,5551.543732,5967.108808
117.2346195,5559.333631,5974.89886
117.2194504,5567.135626,5982.701026
117.2044302,5574.953403,5990.518986
117.1895566,5582.786009,5998.351777
117.1748298,5590.630851,6006.196821
117.1602564,5598.492677,6014.05886
117.1458356,5606.368358,6021.934765
117.1315683,5614.26082,6029.827461
117.1174523,5622.170768,6037.737653
117.1034889,5630.09109,6045.658237
117.0896863,5638.024543,6053.59197
117.0760435,5645.973275,6061.540983
117.0625614,5653.940409,6069.508415
117.0492465,5661.918814,6077.487127
117.0360976,5669.913596,6085.482224
117.0231154,5677.923582,6093.492531
117.0102981,5685.951223,6101.520498
116.9976475,5693.987328,6109.556944
116.9851711,5702.03821,6117.608179
116.9737418,5709.52739,6125.097694
116.9624641,5717.030297,6132.60094
116.9513374,5724.547619,6140.118606
116.9394578,5731.937123,6147.507672
116.9275209,5738.051525,6153.620816
116.9156245,5744.382184,6159.951686
116.9039675,5751.596854,6167.168246
116.8927666,5759.219378,6174.793062
116.8819393,5767.099844,6182.675652
116.8713735,5775.146434,6190.723914
116.8609865,5783.23805,6198.816626
116.8507477,5791.340892,6206.920006
116.8406505,5799.460585,6215.039743
116.8306988,5807.578382,6223.157234
116.820907,5815.673671,6231.25206
116.8112965,5823.774689,6239.352639
116.8018774,5831.862031,6247.439702
116.7926534,5839.940833,6255.518478
116.7836205,5848.026501,6263.604432
116.7747793,5856.104549,6271.68306
116.766134,5864.17584,6279.755144
116.7576768,5872.263499,6287.84372
116.7494074,5880.341678,6295.922845
116.7413323,5888.430925,6304.01297
116.7334464,5896.525479,6312.108256
116.7257463,5904.61169,6320.195046
116.7182394,5912.707449,6328.291233
116.7109244,5920.806496,6336.390586
116.703801,5928.890321,6344.474651
116.6968754,5936.984121,6352.568687
116.6901464,5945.066219,6360.651059
116.6836135,5953.152614,6368.737809
116.677273,5961.253459,6376.839111
116.6711282,5969.342007,6384.928224
116.6651872,5977.427988,6393.014852
116.6594472,5985.527644,6401.115216
116.653909,5993.618888,6409.207196
116.648578,6001.700498,6417.289535
116.6434505,6009.794271,6425.384005
116.6385259,6017.881016,6433.471408
116.6338093,6025.980881,6441.57189
116.6292976,6034.079791,6449.671376
116.6249906,6042.167017,6457.759164
116.6208964,6050.262667,6465.855372
116.6170113,6058.359205,6473.952479
116.6133332,6066.443088,6482.03696
116.6098704,6074.539845,6490.134358
116.6066201,6082.630593,6498.225781
116.6035802,6090.716683,6506.312577
116.6007475,6098.817012,6514.413643
116.5981266,6106.907848,6522.50524
116.5957265,6114.993625,6530.591785
116.5935417,6123.092234,6538.691165
116.5915749,6131.178311,6546.778015
116.5898347,6139.276325,6554.876803
116.5883156,6147.372645,6562.973889
116.5870137,6155.456717,6571.058721
116.5859361,6163.553946,6579.156716
116.58508,6171.652617,6587.256158
116.584445,6179.739012,6595.343331
116.5840375,6187.838203,6603.443323
116.5838582,6195.927559,6611.533501
116.5839093,6204.01829,6619.62507
116.5841761,6212.123906,6627.731534
116.5846619,6220.214666,6635.823163
116.5853772,6228.299653,6643.909036
116.5863203,6236.399891,6652.010182
116.587494,6244.489345,6660.100553
116.588905,6252.573137,6668.185271
116.5905486,6260.673988,6676.287059
116.5924253,6268.761367,6684.375385
116.5945418,6276.860255,6692.475228
116.5968932,6284.963664,6700.579598
116.5994773,6293.050063,6708.666958
116.6023031,6301.15039,6716.768264
116.6053657,6309.246526,6724.865385
116.608662,6317.33404,6732.953886
116.6122013,6325.429842,6741.050696
116.6159813,6333.521337,6749.143212
116.6199992,6341.610355,6757.233267
116.6242512,6349.714502,6765.338468
116.6287429,6357.804847,6773.429878
116.6334875,6365.885462,6781.511609
116.6384858,6373.981136,6789.608433
116.6437287,6382.076216,6797.704691
116.6492117,6390.168647,6805.798316
116.6549362,6398.270014,6813.900814
116.6608996,6406.368167,6822.000031
116.6671025,6414.478737,6830.11157
116.6735483,6422.584104,6838.217812
116.6802437,6430.679019,6846.313552
116.6871883,6438.78756,6854.422841
116.6943824,6446.889718,6862.525685
116.7018298,6454.989151,6870.625795
116.7095273,6463.101041,6878.738319
116.7174741,6471.202864,6886.840755
116.7256752,6479.2976,6894.93609
116.7341331,6487.403697,6903.042736
116.7428441,6495.507302,6911.146856
116.7518078,6503.600175,6919.240213
116.7610277,6511.709874,6927.350322
116.7705008,6519.812789,6935.453601
116.7802261,6527.926696,6943.567804
116.7902068,6536.038013,6951.679357
116.8004504,6544.139886,6959.781451
116.8109546,6552.251275,6967.893006
116.8217192,6560.362321,6976.004173
116.8327482,6568.462373,6984.104338
116.8440396,6576.577734,6992.219755
116.8555935,6584.688513,7000.330535
116.8674153,6592.791288,7008.433293
116.8795045,6600.905201,7016.547126
116.8918569,6609.011067,7024.652866
116.9044728,6617.108661,7032.750299
116.9173563,6625.215424,7040.85682
116.9305056,6633.314692,7048.955801
116.9439221,6641.410646,7057.051431
116.9576105,6649.519009,7065.159397
116.9715678,6657.626496,7073.266453
116.985792,6665.744506,7081.383979
117.0002865,6673.855981,7089.494924
117.0150587,6681.955816,7097.594235
117.0301063,6690.066947,7105.704798
117.0454298,6698.174818,7113.812054
117.0610345,6706.274141,7121.910752
117.0769172,6714.386898,7130.022826
117.0930763,6722.496413,7138.131612
117.1095167,6730.59501,7146.229437
117.1262431,6738.710153,7154.343721
117.1432503,6746.822557,7162.455224
117.1605363,6754.925083,7170.556813
117.1781058,6763.039127,7178.669839
117.1959561,6771.145216,7186.774877
117.2140876,6779.241191,7194.869774
117.2325059,6787.351645,7202.979082
117.2512085,6795.45351,7211.079777
117.2701939,6803.57266,7219.197703
117.2894654,6811.679742,7227.303513
117.3090301,6819.777224,7235.399732
117.3288842,6827.890499,7243.511696
117.3490294,6835.991808,7251.611638
117.3694726,6844.087692,7259.706144
117.3902093,6852.200757,7267.817771
117.4112375,6860.303444,7275.918972
117.4325621,6868.39531,7284.009308
117.4541885,6876.501483,7292.11386
117.4761106,6884.606289,7300.217016
117.4983258,6892.700071,7308.309108
117.5208409,6900.804182,7316.41145
117.5436524,6908.906428,7324.511899
117.5667594,6917.00028,7332.60393
117.5901685,6925.103674,7340.705435
117.6138771,6933.202133,7348.801984
117.6378834,6941.312189,7356.910074
117.6621911,6949.412091,7365.007957
117.6868085,6957.504548,7373.098398
117.7117323,6965.613244,7381.205024
117.7369636,6973.708038,7389.29769
117.7625081,6981.800248,7397.38777
117.788359,6989.904863,7405.490192
117.8145165,6998.001666,7413.584747
117.8409882,7006.083699,7421.664483
117.8677799,7014.178455,7429.756859
117.8948838,7022.273857,7437.849859
117.9222957,7030.358305,7445.931867
117.9500235,7038.449844,7454.020887
117.9780624,7046.54315,7462.111659
118.0064074,7054.647515,7470.213429
118.0350653,7062.743488,7478.306739
118.0640477,7070.829752,7486.390348
118.09335,7078.927883,7494.485779
118.1229734,7087.018194,7502.57334
118.1529242,7095.096217,7510.648615
118.1831965,7103.187475,7518.737068
118.2137912,7111.270692,7526.817403
118.2447175,7119.347141,7534.890949
118.2759722,7127.437638,7542.97848
118.3075466,7135.526847,7551.064698
118.3394382,7143.612575,7559.147384
118.3716565,7151.708143,7567.239811
118.4041993,7159.79681,7575.325313
118.4370666,7167.874662,7583.39995
118.4702693,7175.957597,7591.479591
118.5038016,7184.039063,7599.557764
118.5376558,7192.12929,7607.644646
118.571839,7200.212727,7615.724654
118.6063637,7208.283763,7623.792286
118.6412203,7216.36926,7631.874338
118.6764141,7224.44832,7639.949869
118.7119569,7232.515355,7648.013388
118.7478367,7240.598606,7656.093078
118.7840521,7248.676665,7664.167527
118.8206116,7256.733121,7672.220297
118.8575284,7264.80523,7680.288637
118.8947882,7272.882991,7688.362648
118.9323803,7280.94593,7696.421772
118.9703208,7289.018046,7704.48998
119.0086008,7297.091637,7712.559678
119.0472125,7305.1549,7720.618996
119.0861723,7313.226845,7728.686911
119.1254751,7321.29808,7736.754132
119.1651118,7329.377181,7744.82917
119.2050943,7337.444924,7752.892743
119.2454398,7345.504669,7760.94835
119.2861341,7353.582212,7769.021732
119.3271833,7361.507966,7776.943313
119.3686019,7369.227196,7784.658483
119.410369,7376.854163,7792.281499
119.4524623,7384.493775,7799.917182
119.4948701,7392.145493,7807.564972
119.5375918,7399.813572,7815.229102
119.580635,7407.493267,7822.904829
119.6240099,7415.182737,7830.590319
119.6677269,7422.882498,7838.2861
119.7117941,7430.592366,7845.991998
119.756217,7438.313756,7853.709428
119.8009995,7446.047314,7861.439032
119.8461442,7453.796448,7869.184205
119.8916537,7461.56077,7876.94455
119.9375311,7469.34101,7884.72079
119.98378,7477.136481,7892.512235
120.0303287,7479.882498,7895.258391
120.0735887,7479.825066,7895.203246
120.1168577,7479.769635,7895.150108
120.1601341,7479.71444,7895.097209
120.2034172,7479.659301,7895.044362
120.2467076,7479.604229,7894.991586
120.2900067,7479.548266,7894.93792
120.3333149,7479.492117,7894.884065
120.3766336,7479.437699,7894.831885
120.4199765,7479.388009,7894.784396
120.4633478,7479.338458,7894.737047
120.5067481,7479.288776,7894.68957
120.5501768,7479.239039,7894.642039
120.5936335,7479.189105,7894.594311
120.6371182,7479.139111,7894.546523
120.6806311,7479.089085,7894.498704
120.7241723,7479.038971,7894.450799
120.7677415,7478.988803,7894.40284
120.8113389,7478.938562,7894.354809
120.8549644,7478.888311,7894.30677
120.8986182,7478.837944,7894.258614
120.9422999,7478.787573,7894.210457
120.98601,7478.737133,7894.162232
121.0297481,7478.686678,7894.113993
121.0735144,7478.636149,7894.065681
121.1173089,7478.585576,7894.017325
121.1611315,7478.534964,7893.968933
121.2049823,7478.484282,7893.92047
121.2488612,7478.433558,7893.871967
121.2927683,7478.382782,7893.823414
121.3367035,7478.331973,7893.774827
121.3806669,7478.281122,7893.726201
121.4246585,7478.230194,7893.677497
121.4686782,7478.179158,7893.628683
121.5127261,7478.128119,7893.579869
121.556802,7478.07701,7893.530985
121.6009061,7478.025864,7893.482067
121.6450383,7477.974699,7893.433133
121.6891986,7477.923515,7893.38418
121.7333871,7477.872248,7893.335146
121.7776038,7477.820951,7893.286082
121.8218485,7477.769597,7893.236962
121.8661214,7477.718193,7893.187794
121.9104225,7477.666743,7893.13858
121.9547516,7477.615223,7893.089298
121.9991088,7477.563671,7893.039984
122.0434942,7477.512073,7892.990627
122.0879076,7477.460417,7892.941211
122.1323492,7477.408726,7892.891761
122.1768188,7477.356981,7892.842259
122.2213166,7477.305184,7892.792706
122.2658424,7477.25333,7892.743097
122.3103964,7477.201443,7892.693455
122.3549784,7477.149495,7892.643754
122.3995884,7477.097499,7892.594006
122.4442266,7477.04548,7892.544236
122.4888929,7476.993386,7892.494391
122.5335872,7476.941249,7892.444505
122.5783077,7476.886885,7892.392441
122.6230399,7476.829916,7892.337827
122.6677809,7476.772938,7892.283204
122.7125307,7476.715962,7892.228583
122.7572893,7476.658983,7892.17396
122.8020568,7476.60198,7892.119311
